Location URN,Email List
g5-cl-55upafjab-the-villages-at-louetta,"villagesatlouetta@bhmanagement.com, VillageatLouetta024@myLTSMail.com"
g5-cl-55upag6fr-bella-vida-at-coyote-ridge,"bellavida@bhmanagement.com, BellaVidaAtCoyoteRidge032@myLTSMail.com"
g5-cl-55upage5k-bristol-place-apartments,"bristolplace@bhmanagement.com, BristolPlace016@myLTSMail.com"
g5-cl-54fhfuydq-carmel-landing,CarmelLanding045@myLTSMail.com
g5-cl-54ecrf9fc-city-parc-at-keller,CityParcatKeller021@myLTSMail.com
g5-cl-55upagtl7-the-fountains-of-conroe,"fountainsofconroe@bhmanagement.com, FountainsofConroe021@myLTSMail.com"
g5-cl-55upage5l-hawthorne-ridge-apartments,"hawthorneridge@bhmanagement.com, HawthorneRidge020@myLTSMail.com"
g5-cl-55upagtl8-the-landings-at-brooks-city-base,"Brookscity@BHManagement.com, LandingsatBrooksCityBase023@myLTSMail.com"
g5-cl-55upaglve-northgate-oaks-apartments,"northgateoaks@bhmanagement.com, NorthgateOaks022@myLTSMail.com"
g5-cl-54fhdmskt-paces-river-apartments,PacesRiver023@myLTSMail.com
g5-cl-558jtf7rb-pavilions-at-deer-chase,PavilionsDeerChase027@myLTSMail.com
g5-cl-558jmul8l-pavilions-at-vantage-point,PavilionsatVantagePoint025@myLTSMail.com
g5-cl-54edtfkor-prentiss-creek-at-downers-grove,PrentissCreekatDownersGrove018@myLTSMail.com
g5-cl-568ipu1i3-promenade-at-aloma,BarringtonPlaceAPTS020@myLTSMail.com
g5-cl-54tslza5t-promenade-at-uptown,PromenadeatUptown026@myLTSMail.com
g5-cl-55upafypy-republic-deer-creek-apartments,RepublicDeerCreek034@myLTSMail.com
g5-cl-54edvant8-republic-woodlake,republicwoodlake013@myltsmail.com
g5-cl-558jqj9h2-stoneleigh-on-kenswick-apartments,StoneleighonKenswick020@myLTSMail.com
g5-cl-55upafypx-the-grove,"thegrove@bhmanagement.com, TheGrove022@myLTSMail.com"
g5-cl-55upafr04-the-ridge,"theridge@bhmanagement.com, TheRidge025@myLTSMail.com"
g5-cl-54tshn15s-the-views-of-naperville,ViewsofNaperville023@myLTSMail.com
